img,x,y,w,h,theta
2561434525163741800,746,391,240.46051025390625,72.43475341796875,0.7499260987888705
2561434525163741800,689,312,201.72290143307077,71.88504028320312,0.8779485638889141
2561434525163741800,1277,901,244.0317397090127,72.4919204711914,1.2866305655122419
2561434525163741800,748,251,186.41394137142203,71.70404052734375,0.8326528986809241
2561434525163741800,1270,862,170.9085703564284,71.53921508789062,0.9989681976339416
2561434525163741800,767,402,209.57092393411745,71.9857177734375,0.9815633085131248
2561434525163741800,881,388,220.2088634941695,72.13095092773438,1.049352527803917
2561434525163741800,1300,904,190.40234472685927,71.74618530273438,0.8635389536930748
