img,x,y,w,h,theta
8039338538022451676,1078,327,218.4189453125,72.11865234375,-0.5809474617271766
8039338538022451676,917,516,218.30108765139224,72.11907958984375,-0.30065167215748856
8039338538022451676,1215,233,221.88623155668958,72.16799926757812,-0.4529314110795599
8039338538022451676,1039,173,214.26391601732888,72.05975341796875,-0.4982030577605273
8039338538022451676,807,975,188.2551890317549,71.73408889770508,-0.3319049273453844
8039338538022451676,1032,342,241.5015880751731,72.46829223632812,-0.3493305589194008
8039338538022451676,1022,324,256.227174284644,72.71807861328125,-0.2815175505190857
8039338538022451676,874,621,158.3900155737066,71.43800354003906,-0.5448953157304607
