img,x,y,w,h,theta
8256160862234408626,1032,264,196.7265625,71.63177490234375,-0.15893750069017779
8256160862234408626,913,964,261.96868986343037,72.61323165893555,0.12133514041092655
8256160862234408626,999,491,218.27191167168945,71.9124755859375,0.004402738354411788
8256160862234408626,1032,949,212.30255131267526,71.82605361938477,0.12516336033303327
8256160862234408626,916,924,174.78332519795606,71.38433456420898,0.09013214670240588
8256160862234408626,918,286,235.77423100146945,72.17144775390625,0.07268671750579564
8256160862234408626,1046,802,153.1154179549788,71.1860122680664,0.16449324145638222
8256160862234408626,993,951,225.73669433668218,72.01445007324219,-0.04530203969136039
8256160862234408626,1022,608,161.7564086955632,71.26115417480469,-0.12289909406877304
