img,x,y,w,h,theta
8569100668015457620,912,482,222.89117431640625,72.1844482421875,1.1778257154502951
8569100668015457620,562,428,208.2551280550414,71.98263549804688,1.3058479861010468
8569100668015457620,1365,723,204.32714946054247,71.9306640625,1.7145335808566378
8569100668015457620,685,372,178.83465669287125,71.63909912109375,1.2605467815862277
8569100668015457620,1027,624,201.04657089837556,71.89398193359375,1.5012296260639282
8569100668015457620,938,565,173.2840586568498,71.58198547363281,1.2138664241334138
8569100668015457620,1413,750,201.8638926966528,71.89743041992188,1.6454199069404167
8569100668015457620,694,366,155.05474947696152,71.41116333007812,1.4285480174966774
