img,x,y,w,h,theta
m5057220663844742402,1187,413,219.1627197265625,72.12847900390625,-1.07723284683073
m5057220663844742402,1181,339,267.1536878006304,72.91744995117188,-0.9492083721228726
m5057220663844742402,1289,279,159.66247644904536,71.44711303710938,-0.9945196339311135
m5057220663844742402,538,823,169.51849462157173,71.53578186035156,-0.8281868496939082
m5057220663844742402,1150,411,151.76562594851958,71.38015747070312,-0.7778179992778552
m5057220663844742402,797,714,233.27874868442896,72.33799743652344,-0.7538138453545309
m5057220663844742402,509,769,270.74295177137367,72.97950744628906,-0.9104638199126318
m5057220663844742402,578,865,162.26226892350908,71.46797180175781,-0.9636306866251589
