img,x,y,w,h,theta
m5939282679689546742,1096,918,270.0391861380911,72.9620132446289,0.9226042569326236
m5939282679689546742,1110,884,151.95117281895665,71.37228393554688,0.6349409184052761
m5939282679689546742,1162,772,236.53759886321166,72.38096618652344,0.7093052522131691
m5939282679689546742,1119,831,261.66107304504203,72.80755615234375,0.5526748612917741
m5939282679689546742,1103,921,212.89770615447745,72.03345108032227,0.49951211469990886
m5939282679689546742,1196,828,241.14538698423988,72.45438385009766,0.591472698788451
