img,x,y,w,h,theta
m7349244578949430781,1047,516,240.7066663717803,72.45623779296875,-0.3574283725594689
m7349244578949430781,1094,243,188.00146580202392,71.7374267578125,-0.509682521003748
m7349244578949430781,1058,182,159.9541626095806,71.44915771484375,-0.5549728664043574
m7349244578949430781,648,963,217.44940304324035,72.10213851928711,-0.38868074355861637
m7349244578949430781,1114,349,157.5797127441456,71.4312744140625,-0.4060829651354439
m7349244578949430781,1161,331,174.9212656983348,71.59677124023438,-0.33829524421772716
m7349244578949430781,772,806,202.4054575451258,71.9090347290039,-0.31432118107668505
