img,x,y,w,h,theta
2561434525163741800,941,522,212.70129511837774,72.0274658203125,1.0302100515354267
2561434525163741800,1285,740,265.38623179379704,72.86837768554688,1.0733284861435002
2561434525163741800,1242,804,218.8604747144503,72.1119384765625,0.9166967260059672
