img,x,y,w,h,theta
3185886740873274907,1057,340,257.5611572265625,72.74053955078125,-0.6741191350141553
3185886740873274907,792,800,180.14410508933193,71.6516342163086,-0.35072348265007625
3185886740873274907,689,885,232.936036280741,72.33259582519531,-0.5073430023492992
3185886740873274907,719,994,257.81952052961725,72.74067497253418,-0.5605099144644129
3185886740873274907,856,617,245.5850232538414,72.53631591796875,-0.6380800584681577
3185886740873274907,1015,432,252.6675427130856,72.65643310546875,-0.5734738720364725
