img,x,y,w,h,theta
3592995717151978677,537,188,221.72277947660479,71.95803833007812,0.8235184934634034
3592995717151978677,657,351,280.5301224699433,72.97848510742188,1.0402168567916021
3592995717151978677,978,581,277.66699354893046,72.92169189453125,0.7768285262181194
3592995717151978677,560,179,184.75979708656402,71.49075317382812,0.9915112488038106
