img,x,y,w,h,theta
711887133617426817,780,501,260.42626953125,72.587158203125,-1.6473903948067754
711887133617426817,1287,463,260.2105725820164,72.58358764648438,-1.564619562968048
711887133617426817,657,577,254.5505995708527,72.48249816894531,-1.3239670586146968
