img,x,y,w,h,theta
7730450117510028711,932,481,256.8409438318543,72.728271484375,1.528591526988648
