img,x,y,w,h,theta
8039338538022451676,737,1012,224.8245861159237,72.20434665679932,-0.04424563635484546
8039338538022451676,812,814,184.48046988987778,71.69773864746094,-0.2575458364782264
8039338538022451676,810,903,228.24511832898926,72.26078796386719,-0.41416497896798954
8039338538022451676,734,1015,241.9814464975883,72.46848773956299,-0.4673299026773819
