img,x,y,w,h,theta
8256160862234408626,1004,30,272.04272469526234,72.79803466796875,-0.07622936602479283
8256160862234408626,937,260,264.8471071113927,72.670166015625,0.14049211981274123
8256160862234408626,938,867,241.23352151545896,72.25813293457031,0.00782409688948879
