img,x,y,w,h,theta
8569100668015457620,937,537,230.92602668764295,72.30522155761719,1.4581087936620638
8569100668015457620,1402,693,238.51574844787606,72.41743469238281,1.426861210108989
8569100668015457620,875,488,279.3760390084276,73.16046142578125,1.4094587091861857
8569100668015457620,750,481,248.76269665859772,72.59112548828125,1.4772488562685906
8569100668015457620,1328,655,206.758423914531,71.96467590332031,1.3445870423074175
8569100668015457620,1386,726,284.66711566654584,73.26425170898438,1.2914337084654541
8569100668015457620,830,475,245.7882092264031,72.54107666015625,1.4353318824505246
