img,x,y,w,h,theta
m4980153372995469494,1132,344,207.0771484375,71.8565673828125,-0.8975441705252042
m4980153372995469494,1319,159,222.1552745301672,72.05966186523438,-0.646835072811739
m4980153372995469494,1021,453,176.94574066839635,71.50723266601562,-0.9691456401716172
m4980153372995469494,1149,433,277.83679344178114,73.01852416992188,-0.9142438513606512
