img,x,y,w,h,theta
m5057220663844742402,1061,524,269.65399317359123,72.96530151367188,-0.7969502682870058
m5057220663844742402,538,862,269.84771864284,72.96330261230469,-0.5405377905947757
m5057220663844742402,1055,423,237.7639781999442,72.40792846679688,-0.845594800213036
