img,x,y,w,h,theta
m5125528600488134620,882,522,234.42199845198104,72.34054565429688,1.0138160022657157
m5125528600488134620,1249,744,257.8500990611325,72.73110961914062,1.0569361077026382
m5125528600488134620,1284,809,250.41858041990352,72.599365234375,0.9003028215026313
m5125528600488134620,1046,600,285.1872572055816,73.26261901855469,0.7695685040214906
