img,x,y,w,h,theta
m5939282679689546742,799,300,272.063232421875,73.00213623046875,0.38590029902400846
m5939282679689546742,939,501,232.12494024232376,72.31271362304688,0.6661822775754292
m5939282679689546742,732,165,268.0736707604957,72.92422485351562,0.5139241564872765
m5939282679689546742,683,88,272.4182141903964,73.00436401367188,0.4686265700897003
m5939282679689546742,777,319,245.62078981808892,72.52767944335938,0.6175465402875999
m5939282679689546742,771,296,235.8726208923985,72.37060546875,0.6853279433478489
m5939282679689546742,942,605,234.62719857421573,72.35125732421875,0.42193979967538825
