img,x,y,w,h,theta
m6413478228395152427,1009,514,282.88018958865507,73.22604370117188,0.517401693305704
