img,x,y,w,h,theta
m6855341910671533161,1051,522,223.1567393871679,71.98544311523438,-1.2030629482686201
m6855341910671533161,1319,459,242.68725703875916,72.28399658203125,-1.1347929790158462
m6855341910671533161,1186,452,214.51330691790528,71.86431884765625,-1.0670198313122214
m6855341910671533161,1305,446,214.93518177474178,71.8682861328125,-1.1089207956372196
