img,x,y,w,h,theta
m7349244578949430781,1015,335,255.0572509765625,72.6959228515625,-0.637714010875353
m7349244578949430781,684,1000,223.31323358078836,72.18400573730469,-0.10101786597597334
m7349244578949430781,806,892,227.5921642368316,72.25166320800781,-0.4709385992192372
