img,x,y,w,h,theta
m9002393011510626618,541,499,260.71258544921875,72.78643798828125,1.3803578285355884
m9002393011510626618,562,530,224.6335157310055,72.20062255859375,1.6606364337475978
m9002393011510626618,474,477,248.67849866100659,72.5731201171875,1.5083650874658256
m9002393011510626618,440,502,202.42947501058126,71.89312744140625,1.6119943886908514
m9002393011510626618,1011,576,262.089295856797,72.81816101074219,1.7037272367724143
m9002393011510626618,592,520,229.70047130736114,72.27703857421875,1.3087733956157916
m9002393011510626618,848,516,165.22631931400895,71.4951171875,1.3636691315702667
